"ID","VendorID","Type","ImageURL","Title","SectionName","Description","Allergens","Price","MinPriceForOrder","VendorPrice","Remarks","CuisineID","DietaryInfo","CustomFoodAllow","CaloryInfo","Rating","NumRatings","DishType","ServingSize","PopularItem","HasSecondaryItem","SetsOfOptions","OptionIDList","Status","ImageValid","SortOrder"
"5005945","4000195","1,2","","Falafel Salad","Salads","Falafel balls with hummus and olive Tapenade, tomatoes, red onions, carrots, and cucumbers on mixed greens.","1","13.289999962","0","9.2899999619","","0","","1","","0","0","1","2","0","1","850,","4561,4562,4563,4564,4565","0","0",\N
"5005946","4000195","8","","Caesar Salad with Chicken","Salads","Grilled chicken, croutons, and Parmesan cheese, on Chopped Romaine lettuce","1","14.489999771","0","10.489999771","","0","","1","","0","0","1","2","0","1","850,","4561,4562,4563,4564,4565","0","0",\N
"5005947","4000195","8,12","","Tuna Nicoise Salad","Salads","Tuna nicoise with hard-boiled egg and olive tapenade, tomatoes, red onions, carrots, and cucumbers on mixed  greens.","2","13.489999771","0","9.4899997711","","0","","1","","0","0","1","2","0","1","850,","4561,4562,4563,4564,4565","0","0",\N
"5005949","4000195","8,9","","Cobb Salad","Salads","Chicken, bacon, hard-boiled egg, crumbled blue cheese, tomatoes, onions, and cucumbers, on mixed greens.","1,2","13.489999771","0","9.4899997711","","0","","1","","0","0","1","2","0","1","850,","4561,4562,4563,4564,4565","0","0",\N
"5005978","4000190","","","Pad Thai Noodle","Plates","Pan-fried rice noodle with egg, Tofu, green onion, bean sprouts, and your choice of meat.","2,6","0","0","10.25","","0","","1","","0","0","1","2","0","1","1,853,","4575,4576,4577,4584,4585,4586,4580,4581,4582,4583","0","0",\N
"5005979","4000190","","","Pad See Ew","Plates","Pan-fried flat rice noodles with sweet dark soy sauce, egg, Chinese broccoli, and your choice of meat.","2,6","0","0","10.25","","0","","1","","0","0","1","2","0","1","1,853,","4575,4576,4577,4584,4585,4586,4580,4581,4582,4583","0","0",\N
"5005980","4000190","1","","Pad Kee Mao","Plates","Pan-fried flat rice noodles with chili, bell pepper, onion, Fresh basil, tomato, and your choice of meat.","","0","0","10.25","","0","","1","","0","0","1","2","0","1","1,853,","4575,4576,4577,4584,4585,4586,4580,4581,4582,4583","0","0",\N
"5005981","4000190","1,4","","Basil Spicy Fried Rice","Plates","Stir-fried rice with fresh basil, onion, bell pepper, fresh Thai chili, and your choice of meat.","","0","0","10.25","","0","","1","","0","0","1","2","0","1","1,853,","4575,4576,4577,4584,4585,4586,4580,4581,4582,4583","0","0",\N
"5005982","4000190","","","Thai Fried Rice","Plates","Stir-fried rice with egg, tomato, and your choice of meat.","2","0","0","10.25","","0","","1","","0","0","1","2","0","1","1,853,","4575,4576,4577,4584,4585,4586,4580,4581,4582,4583","0","0",\N
"5005983","4000190","10","","Oro's BBQ","Plates","Your choice of meat, marinated and grilled, served with Thai plum sauce.","","0","0","10.25","","0","","1","","0","0","1","2","0","1","852,853,854,","4578,4579,4580,4581,4582,4583,4587,4589,4588","0","0",\N
"5005984","4000190","1","","Pad Khing (Ginger)","Plates","Shredded fresh ginger sauteed with onion, baby corn, bell pepper, mushroom, and your choice of meat.","","0","0","10.25","","0","","1","","0","0","1","2","0","1","1,852,853,","4575,4576,4577,4584,4585,4586,4578,4579,4580,4581,4582,4583","0","0",\N
"5005985","4000190","1,4,6","","Pad Gra-Paw (Thai Basil)","Plates","Sauteed with minced garlic, fresh chili, basil leaves, bell peppers, and shredded bamboo shoots, served with your choice of meat.","","0","0","10.25","","0","","1","","0","0","1","2","0","1","1,852,853,","4575,4576,4577,4584,4585,4586,4578,4579,4580,4581,4582,4583","0","0",\N
"5005986","4000190","1,4","","Garlic Delight","Plates","Fresh garlic and black pepper sauteed with your choice of meat.","","0","0","10.25","","0","","1","","0","0","1","2","0","1","1,852,853,","4575,4576,4577,4584,4585,4586,4578,4579,4580,4581,4582,4583","0","0",\N
"5005987","4000190","","","Broccoli with Oyster Sauce","Plates","Broccoli and fresh garlic sauteed with tasty oyster sauce and your choice of meat.","5","0","0","10.25","","0","","1","","0","0","1","2","0","1","1,852,853,","4575,4576,4577,4584,4585,4586,4578,4579,4580,4581,4582,4583","0","0",\N
"5005988","4000190","1,4","","Spicy Eggplant","Plates","Eggplant and fresh basil leaves sauteed with fresh chili, garlic, bell pepper, and your choice of meat.","","0","0","10.25","","0","","1","","0","0","1","2","0","1","1,852,853,","4575,4576,4577,4584,4585,4586,4578,4579,4580,4581,4582,4583","0","0",\N
"5005989","4000190","1","","Red Curry","Curry Plates","Red Curry paste with coconut milk, bamboo shoots, bell pepper, fresh basil leaves, and your choice of meat.","","0","0","10.25","","0","","1","","0","0","1","2","0","1","1,852,853,","4575,4576,4577,4584,4585,4586,4578,4579,4580,4581,4582,4583","0","0",\N
"5005990","4000190","1","","Green Curry","Curry Plates","Simmered green curry paste in coconut milk with shredded bamboo shoots, bell peppers, sweet basil, and sweet peas, served with your choice of meat.","","0","0","10.25","","0","","1","","0","0","1","2","0","1","1,852,853,","4575,4576,4577,4584,4585,4586,4578,4579,4580,4581,4582,4583","0","0",\N
"5005991","4000190","1","","Panang Curry","Curry Plates","Panang Curry paste with coconut milk, bell pepper, fresh basil, and your choice of meat.","","0","0","10.25","","0","","1","","0","0","1","2","0","1","1,852,853,","4575,4576,4577,4584,4585,4586,4578,4579,4580,4581,4582,4583","0","0",\N
"5005992","4000190","1","","Yellow Curry","Curry Plates","Yellow Curry with coconut milk, potato, onion, and your choice of meat.","","0","0","10.25","","0","","1","","0","0","1","2","0","1","1,852,853,","4575,4576,4577,4584,4585,4586,4578,4579,4580,4581,4582,4583","0","0",\N
"5005993","4000190","1","","Massaman Curry","Curry Plates","Simmered Massaman Curry paste in coconut milk, flavored with peanut sauce, potatoes, onions, and peanuts, served with your choice of meat.","7","0","0","10.25","","0","","1","","0","0","1","2","0","1","1,852,853,","4575,4576,4577,4584,4585,4586,4578,4579,4580,4581,4582,4583","0","0",\N
"5005994","4000196","10","","Burrito Regular","Burritos","Flour tortilla, rice, whole beans, cheese, pico de gallo,  with your choice of meat .","3","11.489999771","0","7.5","","0","","1","","0","0","1","2","0","1","855,","4593,4594,4595,4596,4597,4598,4599,4600","0","0",\N
"5005995","4000196","10","","Super Burrito","Burritos","Flour tortilla, rice, whole beans, cheese, pico de gallo, avocado and sour cream with your choice of meat.","1,3","12.989999771","0","9","","0","","1","","0","0","1","2","0","1","855,","4593,4594,4595,4596,4597,4598,4599,4600","0","0",\N
"5005996","4000196","1","","Burrito Vegetariano","Burritos","Flour tortilla, rice, whole beans, cheese, lettuce, pico de gallo, sour cream and avocado.","1,3","10.989999771","0","7","","0","","1","","0","0","1","2","0","0",",","","0","0",\N
"5005997","4000196","10","","San Jose Burrito","Burritos","Flour tortilla, cheese, french fries, guacamole, sour cream and your choice of meat.","1,3","12.989999771","0","9","","0","","1","","0","0","1","2","0","1","855,","4593,4594,4595,4596,4597,4598,4599,4600,4601","0","0",\N
"5005998","4000196","10","","Burrito Mojado","Burritos","Flour tortilla , rice, whole beans, cheese, avocado, choice of meat and red or green salsa, served with lettuce, sour cream and pico de gallo on the side.","1,3","13.289999962","0","9.2899999619","","0","","1","","0","0","1","2","0","1","855,","4593,4594,4595,4596,4597,4598,4599,4600,4601","0","0",\N
"5005999","4000196","10","","Chimichanga","Burritos","Flour tortilla, rice, whole beans, cheese, choice of meat served with lettuce, sour cream, guacamole and pico de gallo on the side.","1,3","13.390000343","0","9.3900003433","","0","","1","","0","0","1","2","0","1","855,","4593,4594,4595,4596,4597,4598,4599,4600,4601","0","0",\N
"5006000","4000196","1","","Chile Relleno Burrito (Fried Chili)","Burritos","Rice, whole beans and chile relleno in a burrito.","3","11.489999771","0","7.5","","0","","1","","0","0","1","2","0","0",",","","0","0",\N
"5006001","4000196","10","","Quesadilla Regular","Quesadilla","Flour tortilla, cheese, choice of meat served with lettuce and pico de gallo on the side.","1","11.489999771","0","7.5","","0","","1","","0","0","1","2","0","1","855,","4593,4594,4595,4596,4597,4598,4599,4600,4601","0","0",\N
"5006002","4000196","10","","Super Quesadiila","Quesadilla","Flour tortilla, cheese, choice of meat served with lettuce, guacamole, pico de gallo and sour cream on the side.","1,3","12.489999771","0","8.5","","0","","1","","0","0","1","2","0","1","855,","4593,4594,4595,4596,4597,4598,4599,4600,4601","0","0",\N
"5006003","4000196","10","","Torta Regular","Tortas (Mexican Sandwiches)","Your choice of meat, lettuce, jalapeno, tomato, onions, avocado and cheese.","1,3","11.489999771","0","7.5","","0","","1","","0","0","1","2","0","1","855,","4593,4594,4595,4596,4597,4598,4599,4600,4601","0","0",\N
"5006004","4000196","9,10,11","","Torta Cubana","Tortas (Mexican Sandwiches)","Your choice of meat, milanesa, ham, pork cheese, panela cheese, avocado, lettuce, jalapenos, tomato and onions.","1,3","13.789999962","0","9.7899999619","","0","","1","","0","0","1","2","0","1","855,","4593,4594,4595,4596,4597,4598,4599,4600,4601","0","0",\N
"5006005","4000196","10","","Enchiladas","Platillos","3 enchiladas, rice, re fried beans, lettuce, pico de gallo with your option of red or green sauce.","1,3","15.989999771","0","12","","0","","1","","0","0","1","2","0","1","1,","4602,4603,4604","0","0",\N
"5006006","4000196","11","","Platillo de carne asada","Platillos","2 carne asada filetes, rice, refried beans, lettuce, avocado, tomato, onions and tortillas.","1,3","15.989999771","0","12","","0","","1","","0","0","1","1","0","0",",","","0","0",\N
"5006007","4000196","1","","Platillo de chile relleno","Platillos","Chille relleno, rice, refried beans, lettuce and pico de gallo on the side and tortillas.","1,3","12.989999771","0","9","","0","","1","","0","0","1","1","0","0",",","","0","0",\N
"5006008","4000196","9","","Platillo de chile verde","Platillos","Chile verde, served with rice, refried beans, lettuce, avocado, tomato and tortilla.","3","16.489999771","0","12.489999771","","0","","1","","0","0","1","1","0","0",",","","0","0",\N
"5006009","4000197","11","","Hawaiian BBQ Beef Bowl","Super Bowls","Hawaiian BBQ Beef Bowl served with steamed rice and vegetables.","","14.5","0","10.5","","0","","1","","0","0","1","2","0","0",",","","0","0",\N
"5006010","4000197","8","","Hawaiian BBQ Chicken Bowl","Super Bowls","Hawaiian BBQ Chicken Bowl served with steamed rice and mixed vegetables.","","13.5","0","9.5","","0","","1","","0","0","1","2","0","0",",","","0","0",\N
"5006011","4000197","8","","Chicken katsu Bowl","Super Bowls","Chicken Katsu Bowl served with steamed rice and mixed vegetables.","","13.5","0","9.5","","0","","1","","0","0","1","","0","0",",","","0","0",\N
"5006012","4000197","10","","Grilled Spam","Super Bowls","Hawaiian Grilled Spam served with steamed rice and mixed vegetables.","","12","0","8","","0","","1","","0","0","1","2","0","0",",","","0","0",\N
"5006013","4000197","11","","Hawaiian BBQ RIbs Bowl","Super Bowls","Hawaiian BBQ Ribs Bowl served with steamed rice and mixed vegetables.","","14.949999809","0","10.949999809","","0","","1","","0","0","1","2","0","0",",","","0","0",\N
"5006014","4000197","11","","1 BBQ Short rib, 1 BBQ Beef","Low Carb BBQ Plate","1 BBQ Short rib, 1 BBQ Beef served with rice and vegetable.","","15.949999809","0","11.949999809","","0","","1","","0","0","1","1","0","0",",","","0","0",\N
"5006015","4000197","8","","2 BBQ Chicken over 2 Eggs","Low Carb BBQ Plate","2 BBQ Chicken over 2 Eggs served with rice and vegetables.","2","15.949999809","0","11.949999809","","0","","1","","0","0","1","","0","0",",","","0","0",\N
"5006016","4000197","10","","Hawaiian Specialty Burgers","Burger Combos","Served with lettuce, tomatoes, and fries","3","12.949999809","0","8.9499998093","","0","","1","","0","0","1","2","0","1","856,","4605,4606,4607,4608,4609,4610,4611","0","0",\N
"5006017","4000197","8","","Chicken Katsu Salad","Salad","Fresh salad served with Chicken Katsu.","3","12.949999809","0","8.9499998093","","0","","1","","0","0","1","2","0","0",",","","0","0",\N
"5006018","4000197","13","","Shrimp Salad","Salad","Fresh salad served with grilled prawns.","5","12.949999809","0","8.9499998093","","0","","1","","0","0","1","2","0","0",",","","0","0",\N
"5006019","4000197","11","","Hawaiian BBQ Beef","Pork and Beef","Slice of tender beef marinated with our special Hawaiian sauce served with rice and macaroni.","","12.5","0","8.5","","0","","1","","0","0","1","2","0","1","857,","4612,4613","0","0",\N
"5006020","4000197","11","","Hmaburger Steak","Pork and Beef","special homemade burger patties topped with our special gravy sauce served with rice and macaroni.","","14.949999809","0","10.949999809","","0","","1","","0","0","1","2","0","0",",","","0","0",\N
"5006021","4000197","11","","Beef Curry ","Pork and Beef","Beef Curry served with rice and macaroni.","","12.5","0","8.5","","0","","1","","0","0","1","2","0","1","857,","4612,4613","0","0",\N
"5006022","4000197","11","","Loco Moco","Pork and Beef","Homemade beef patties topped with our special gracy and eggs","","12.5","0","8.5","","0","","1","","0","0","1","2","0","1","857,","4612,4613","0","0",\N
"5006023","4000197","","","BBQ Short Ribs","Pork and Beef","Beef ribs marinated in our special Hawaiian Sauce and grilled to perfection served with rice and macaroni.","","13.5","0","9.5","","0","","1","","0","0","1","","0","1","857,","4612,4613","0","0",\N
"5006024","4000197","9","","Kalua Pork with cabbage","Pork and Beef","smoke falvored succulent pork slowly roasted to perfection served with rice and macaroni.","","13.949999809","0","9.9499998093","","0","","1","","0","0","1","2","0","1","857,","4612,4613","0","0",\N
"5006025","4000197","9","","Pork Lau Lau","Pork and Beef","Pork Lau Lau served with rice and macaroni.","","13.949999809","0","9.9499998093","","0","","1","","0","0","1","2","0","0",",","","0","0",\N
"5006026","4000197","8","","BBQ Chicken","Chicken","Grilled boneless chicken marinated in our special hawaiian sauce served with rice and macaroni.","","11.5","0","7.5","","0","","1","","0","0","1","2","0","1","857,","4612,4613","0","0",\N
"5006027","4000197","8","","Chicken Katsu","Chicken","Deep fried chicken flavored with our famous katsu sauce served with rice and macaroni.","3","11.5","0","7.5","","0","","1","","0","0","1","2","0","1","857,","4612,4613","0","0",\N
"5006028","4000197","8","","Katsu Curry","Chikcken","Crispy breaded chicken filet topped with our popular curry flavored sauce.","3","11.5","0","7.5","","0","","1","","0","0","1","2","0","1","857,","4612,4613","0","0",\N
"5006029","4000197","8","","Chicken Cutlet","Chikcken","Golden Crispy chicken served with gravy sauce. served with rice and macaroni.","","11.5","0","7.5","","0","","1","","0","0","1","2","0","1","857,","4612,4613","0","0",\N
"5006030","4000197","","","Pineapple chicken","Chikcken","Tender strips of boneless chicken sauteed in pineapple falvored sauce served with rice and macaroni.","","13.5","0","9.5","","0","","1","","0","0","1","1","0","0",",","","0","0",\N
"5006031","4000197","13","","Shrimp Curry ","Seafood","Shrimp Curry served with rice and macaroni.","5","14.5","0","10.5","","0","","1","","0","0","1","1","0","0",",","","0","0",\N
"5006032","4000197","13","","Garlic Shrimp","Seafood","Garlic shrimp served with rice and macaroni.","5","14.5","0","10.5","","0","","1","","0","0","1","1","0","0",",","","0","0",\N
"5006033","4000197","13","","Honey Walnut Prawns","Seafood","Honey walnut Prawns served with rice and macaroni.","5","14.949999809","0","10.949999809","","0","","1","","0","0","1","1","0","0",",","","0","0",\N
"5006034","4000197","13","","Fried Shrimp","Seafood","Crispy breaded shrimp deep fried until golden served with rice and macaroni.","5","12.25","0","8.25","","0","","1","","0","0","1","2","0","1","857,","4612,4613","0","0",\N
"5006035","4000197","13","","Salt and pepper Prawns","Seafood","salt and pepper prawns served with rice and macaroni.","5","14.5","0","10.5","","0","","1","","0","0","1","1","0","0",",","","0","0",\N
"5006036","4000197","","","Seafood Platter","Seafood","Combination of crispy scallops, shrimp and fried fish served with rice and macaroni.","","15.949999809","0","11.949999809","","0","","1","","0","0","1","","0","0",",","","0","0",\N
"5006037","4000197","12","","Fried Fish","Seafood ","Fish Fillet fried to golden brown for fish lovers served with rice and macaroni.","5","12.25","0","8.25","","0","","1","","0","0","1","2","0","1","857,","4612,4613","0","0",\N
"5006038","4000197","8","","Chicken Combo","Combination Platter ","Combination if our marinated BBQ Chicken and chicken Katsu for chicken lovers.","","14.949999809","0","10.949999809","","0","","1","","0","0","1","1","0","0",",","","0","0",\N
"5006039","4000197","8,11","","Hawaiian BBQ Mix","Combination Platter ","Combination of our marinated BBQ beef, BBQ Chicken, and BBQ ribs, perfect for BBQ lovers.","","14.949999809","0","11.949999809","","0","","1","","0","0","1","1","0","0",",","","0","0",\N
"5006040","4000197","10,13","","Seafood Combo","Combination Platter ","Fresh Breaded Shrimp, fried fish and choice of one of the following.","5","17.950000763","0","13.949999809","","0","","1","","0","0","1","1","0","1","1,","4614,4615,4616","0","0",\N
"5006041","4000198","4,9","","Chili Verde Burrito","Burritos","Succulent chunks of pork, slow cooked in Julio's signature green chili sauce, with fresh green tomatoes and chopped jalapenos. A recipe full of flavors and tradition.","","0","0","7.4899997711","","0","","1","","0","0","1","2","0","1","858,859,860,861,862,","4617,4618,4619,4620,4621,4622,4623,4624,4625,4626,4627,4628","0","0",\N
"5006042","4000198","9","","Carnitas Burrito","Burritos","Julio's savory slow cooked pork, with traditional ingredients and fresh-squeezed orange juice.","","0","0","7.4899997711","","0","","1","","0","0","1","2","0","1","858,859,860,861,862,","4617,4618,4619,4620,4621,4622,4623,4624,4625,4626,4627,4628","0","0",\N
"5006043","4000198","11","","Carne Asada Burrito","Burritos","Freshly marinated steak, grilled to tasty perfection.","","0","0","7.9899997711","","0","","1","","0","0","1","2","0","1","858,859,860,861,862,","4617,4618,4619,4620,4621,4622,4623,4624,4625,4626,4627,4628","0","0",\N
"5006044","4000198","8","","Pollo Burrito","Burritos","Juicy chicken breast, roasted and seasoned with fresh herbs and spices.","","0","0","7.4899997711","","0","","1","","0","0","1","2","0","1","858,859,860,861,862,","4617,4618,4619,4620,4621,4622,4623,4624,4625,4626,4627,4628","0","0",\N
"5006045","4000198","1,2","","Veggie Burrito","Burritos","A mix of seasonal roasted vegetables for those looking for a meatless option.","","0","0","5.9899997711","","0","","1","","0","0","1","2","0","1","858,859,860,861,862,","4617,4618,4619,4620,4621,4622,4623,4624,4625,4626,4627,4628","0","0",\N
"5006046","4000198","4,9","","Chili Verde Bowl","Bowls","Succulent chunks of pork slow cooked in Julio's signature green chili sauce, with fresh green tomatoes and chopped jalapenos. A recipe full of flavors and tradition.","","0","0","7.4899997711","","0","","1","","0","0","1","2","0","1","858,859,860,861,862,","4617,4618,4619,4620,4621,4622,4623,4624,4625,4626,4627,4628","0","0",\N
"5006047","4000198","9","","Carnitas Bowl","Bowls","Julio's savory slow cooked pork, with traditional ingredients and fresh-squeezed orange juice.","","0","0","7.4899997711","","0","","1","","0","0","1","2","0","1","858,859,860,861,862,","4617,4618,4619,4620,4621,4622,4623,4624,4625,4626,4627,4628","0","0",\N
"5006048","4000198","11","","Carne Asada Bowl","Bowls","Freshly marinated steak, grilled to tasty perfection.","","0","0","7.9899997711","","0","","1","","0","0","1","2","0","1","858,859,860,861,862,","4617,4618,4619,4620,4621,4622,4623,4624,4625,4626,4627,4628","0","0",\N
"5006049","4000198","8","","Pollo Bowl","Bowls","Juicy chicken breast roasted and seasoned with fresh herbs and spices.","","0","0","7.4899997711","","0","","1","","0","0","1","2","0","1","858,859,860,861,862,","4617,4618,4619,4620,4621,4622,4623,4624,4625,4626,4627,4628","0","0",\N
"5006050","4000198","1","","Veggie Bowl","Bowls","A mix of seasonal roasted vegetables for those looking for a meatless option.","","0","0","5.9899997711","","0","","1","","0","0","1","2","0","1","858,859,860,861,862,","4617,4618,4619,4620,4621,4622,4623,4624,4625,4626,4627,4628","0","0",\N
"5006051","4000199","","","Option 1 (CR -60)","Coffee & Dessert","Includes regular coffee, decaf coffee, assorted flavors hot tea, assorted pastry such as danish, muffins, croissants etc for 60 ppl","","350","0","250","","0","","1","","0","0","1","1","0","1","863,","4629","0","0",\N
"5006052","4000199","","","Option 2 (NB-60)","Coffee & Dessert","Includes regular coffee, decaf coffee, assorted hot tea and assortment of deserts such as marshmallow bar, chocolate chip cookie, chocolate lava cookie and bagel holes etc for 60 ppl.","","350","0","250","","0","","1","","0","0","1","1","0","1","863,","4629","0","0",\N
"5006053","4000199","","","Option 3 (PB-60)","Coffee & Dessert","Includes regular coffee, decaf coffee, assortment of teas and assortment of bagels and cream cheese. Also includes mini scones, petite cookies and brownies and pastries for 60 ppl.","","370","0","270","","0","","1","","0","0","1","1","0","0",",","","0","0",\N
"5006055","4000199","","","Option 4 (CB-60)","Coffee & Dessert","Freshly baked Cinnamon Creme Cake bites and bite-sized blueberry, chocolate, banana and seasonal muffins. Includes regular/decaf coffee and hot tea selection for 60 ppl.","","345","0","200","","0","","1","","0","0","1","1","0","0",",","","0","0",\N
"5006056","4000191","1,2","","Falafel Plate","Vegetarian Plates","Six falafel balls over rice, with a fresh side salad, hummus and tahini sauce.","","14.489999771","0","10.75","","0","","1","","0","0","1","2","0","0",",","","0","0","14"
"5006057","4000191","1,2","","Falafel and Dolma Combo Plate","Vegetarian Plates","Three falafel balls and three Dolma rolls - grape leaves stuffed with rice, onions, mints, and spices.","","14.989999771","0","10.989999771","","0","","1","","0","0","1","2","0","0",",","","0","0","15"
"5006058","4000191","10,11","","Lamb and Beef Gyros","Meat Plates","Lamb and beef gyros served with Mediterranean rice, fresh salad, tzaziki sauce, and pita bread.","","15.989999771","0","11.989999771","","0","","1","","0","0","1","2","0","0",",","","0","0","16"
"5006059","4000191","8","","Chicken Gyros Plate","Meat Plates","Chicken gyros served with Mediterranean rice, fresh salad, tzatziki sauce, and pita bread.","","15.489999771","0","11.75","","0","","1","","0","0","1","2","0","0",",","","0","0","17"
"5006060","4000191","8,11","","Ultimate Combo","Meat Plates","Thinly sliced beef, chicken, and two falafel balls served with Mediterranean rice, fresh salad, and pita bread.","","16.989999771","0","12.75","","0","","1","","0","0","1","2","0","0",",","","0","0","18"
"5006061","4000191","8,11","","Stead and Chicken Kebab Combo","Meat Plates","Steak and chicken kebabs served with Mediterranean rice, fresh salad, and pita bread.","","16.489999771","0","12.5","","0","","1","","0","0","1","2","0","0",",","","0","0","19"
"5006062","4000191","11","","Steak Kebab Plate","Meat Plates","Two skewers of marinated beef grilled with slices of onions and bell peppers, served with Mediterranean rice, fresh salad, and pita bread.","","17.989999771","0","13.75","","0","","1","","0","0","1","2","0","0",",","","0","0","20"
"5006063","4000191","8","","Chicken Kebab Plate","Meat Plates","Two skewers of marinated chicken served with Mediterranean rice, fresh salad, and pita bread.","","16.290000916","0","12.25","","0","","1","","0","0","1","2","0","0",",","","0","0","21"
"5006064","4000191","10","","Lamb Kebab Plate","Meat Plates","Two marinated lamb skewers served with Mediterranean rice, fresh salad, and pita bread.","","17.489999771","0","13.5","","0","","1","","0","0","1","2","0","0",",","","0","0","22"
"5006065","4000191","8,11","","Beef & Chicken Shawarma Plate","Meat Plates","Thinly sliced beef and chicken served with Mediterranean rice, fresh salad, and pita bread.","","15.989999771","0","11.989999771","","0","","1","","0","0","1","2","0","0",",","","0","0","23"
"5006066","4000191","8","","Chicken Shawarma Plate","Meat Plates","Thinly sliced marinated and seasoned chicken served with Mediterranean rice, fresh salad, and pita bread.","","14.989999771","0","11.5","","0","","1","","0","0","1","2","0","0",",","","0","0","24"
"5006067","4000191","11","","Beef Shawarma Plate","Meat Plates","Thinly-sliced marinated and seasoned beef, served with Mediterranean rice, fresh salad, and pita bread.","","16.489999771","0","12.75","","0","","1","","0","0","1","2","0","0",",","","0","0","25"
"5006068","4000191","6,10,11","","Lamb & Beef Gyro","Meat Plates","Lamb and beef gyros topped with tzatziki sauce, tomatoes, and onions in flat bread.","","13.289999962","0","9.25","","0","","1","","0","0","1","2","0","1","864,","4630,4631","0","0","26"
"5006069","4000191","6,8","","Chicken Gyro","Meat Plates","Tender chicken gyros topped with tzatziki sauce, tomatoes, and onions in flat bread.","","12.989999771","0","8.9899997711","","0","","1","","0","0","1","2","0","1","864,","4630,4631","0","0","27"
"5006070","4000191","6","","Baklava","Desserts","A tasty pastry, filled with pistachio and topped with honey and sugar.","7","3.5","0","3","","0","","1","","0","0","1","3","0","0",",","","0","0","29"
"5006071","4000192","","","Water Bottle (16.9 Ounces)","Beverages","Water Bottle (16.9oz)","","1","0","1","","0","","1","","0","0","1","","0","0",",","","0","0",\N
"5006072","4000196","","","Water Bottle (16.9 Ounces)","Beverages","Water Bottle (16.9oz)","","1","0","1","","0","","1","","0","0","1","","0","0",",","","0","0",\N
"5006073","4000190","","","Water Bottle (16.9 Ounces)","Beverages","Water Bottle (16.9oz)","","1","0","1","","0","","1","","0","0","1","","0","0",",","","0","0",\N
"5006074","4000195","","","Water Bottle (16.9 Ounces)","Beverages","Water Bottle (16.9oz)","","1","0","0.1000000015","","0","","1","","0","0","1","","0","0",",","","0","0",\N
"5006075","4000191","","","Water Bottle (16.9 Ounces)","Beverages","Water Bottle (16.9oz)","","1","0","0.1000000015","","0","","1","","0","0","1","","0","0",",","","0","0","28"
"5006076","4000137","","","Chocolate Chip Oatmeal Cookie","Desserts","Cookie made of Ghirardeli chocolate and rolled oats.","1,2","3.5","0","2.2899999619","","0","","1","260","0","0","1","3","0","1","865,","4632","0","0",\N
"5006077","4000137","","","Coconut Limon Bar","Desserts","Lemon-lime custard layered between coconut shortbread.","1,2,3","3.75","0","2.7899999619","","0","","1","","0","0","1","3","0","0",",","","0","0",\N
"5006078","4000137","","","Caramel Ganache Brownie","Desserts","Chocolate brownie layered with caramel and topped with dark chocolate ganache.","1,2,3","3.75","0","2.7899999619","","0","","1","250","0","0","1","3","0","0",",","","0","0",\N
"5006079","4000061","","","Baklava","Desserts","Greek phyllo dough, walnuts, and house-made honey syrup.","3","4","0","3","","0","","1","","0","0","1","3","0","0",",","","0","0",\N
"5006080","4000200","8","","Poached Chicken Box","Build Your Own","Take Hainanese chicken to new heights your way with a custom Poached chicken Box.","","14.949999809","0","10.949999809","","0","","1","","0","0","1","2","0","1","866,867,868,","4633,4634,4635,4636,4637,4638,4639,4640,4641,4642,4643,4644,4645,4646,4647,4648","0","0",\N
"5006081","4000200","8,10","","Fried Chicken Box","Build You Own","Get Crunchin' with a tailor-made fried chicken box","","14.949999809","0","10.949999809","","0","","1","","0","0","1","2","0","1","866,868,","4633,4634,4635,4642,4643,4644,4645,4646,4647,4648","0","0",\N
"5006082","4000200","1,2","","Tofu Box","Build You Own","Build a tofu box that'll make chickens go cluck-a-doodle-do!","","13.949999809","0","9.9499998093","","0","","1","","0","0","1","2","0","1","866,868,","4633,4634,4635,4642,4643,4644,4645,4646,4647,4648","0","0",\N
"5006083","4000201","7,8","","Peruvian Quinoa Salad with Grilled Chicken","Signature Salad","Quinoa, kale, sweet peas, mango, sunflower seeds, basil and cranberry and grilled chicken. Gluten free.","","0","0","13","","0","","1","","0","0","1","1","0","0",",","","0","0",\N
"5006084","4000201","7,11","","Mandarin Beef Salad with Roasted Beef","Signature Salad","Baby spinach, carrot, bean sprouts, green onion, crispy noodle, peanut, Mandarin orange and roasted beef.","3","0","0","13","","0","","1","","0","0","1","1","0","0",",","","0","0",\N
"5006085","4000201","1,7","","Burmese Green Tea Leaf Salad","Signature Salad","Lettuce, spring mix, cherry tomatoes, sweet peas, roasted chickpea, red bell pepper, jalapeno, fried garlic, peanut and sesame seed with fermented green tea leaves. Gluten free.","7","0","0","13","","0","","1","","0","0","1","1","0","0",",","","0","0",\N
"5006086","4000201","7,8","","Italian Chicken Caesar Salad","Signature Salad","Lettuce, tomatoes, grated and shredded Parmesan cheese and grilled chicken.","1","0","0","12","","0","","1","","0","0","1","1","0","0",",","","0","0",\N
"5006087","4000201","7,13","","Japanese Seaweed Salad with Shrimp","Signature Salad","Spring mix, cucumber, carrot, tomato, green onion, sesame seeds, sunflower seed, yellow radish, Japanese seaweed, furikake and avocado.","5","0","0","14","","0","","1","","0","0","1","1","0","0",",","","0","0",\N
"5006088","4000201","7,13","","Thai Papaya Salad with Shrimp","Signature Salad","Green papaya, long green beans, red radish, basil, mints, tomatoes, and shrimp. Served with jasmine rice. Gluten free.","","0","0","13","","0","","1","","0","0","1","1","0","0",",","","0","0",\N
"5006089","4000201","8","","Spring Green Salad with Grilled Chicken","Signature Salad","Spring mix, cucumber, apple, candied pecans, dried cranberry, feta cheese and grilled chicken. Gluten free.","1","0","0","13","","0","","1","","0","0","1","1","0","0",",","","0","0",\N
"5006090","4000201","7,8","","Southwest Chicken Salad","Signature Salad","Avocado, grilled chicken, lettuce, corn, black bean, tomatoes, tortilla strips, cheddar and jack cheese with low fat cilantro dressing.","1","0","0","13","","0","","1","","0","0","1","1","0","0",",","","0","0",\N
"5006091","4000201","7,8","","Chinese Chicken Salad","Signature Salad","Grilled chicken, Iceberg, peanut, crispy noodle, green onion with toasted sesame dressing & a dash of teriyaki.","3,7","0","0","13","","0","","1","","0","0","1","1","0","0",",","","0","0",\N
"5006092","4000201","8","","Lemongrass Chicken kebabs w/ mango Salad & Jasmine Rice","Rice Box","Two sticks of Chicken with mango salad and jasmine rice. Mango, cucumber, spring mix, iceberg, cabbage, carrot, green onion, red onion, and chili.","","0","0","14","","0","","1","","0","0","1","1","0","0",",","","0","0",\N
"5006093","4000201","11","","Lemongrass Beef Kebabs W/mango salad & jasmine rice","Rice Box","Three sticks of lemongrass beef with mango salad and jasmine rice. Mango, cucumber, spring mix, iceberg, cabbage, carrot, green onion, red onion, and chili.","","0","0","15","","0","","1","","0","0","1","1","0","0",",","","0","0",\N
"5006094","4000201","11","","Thai Papaya Salad and Lemongrass Chicken Kebab","Rice Box","Green papaya, long green beans, red radish, basil, cherry tomatoes, peanuts, salted egg, and shrimp served with jasmine rice.","7","0","0","16","","0","","1","","0","0","1","1","0","0",",","","0","0",\N
"5006095","4000202","8","","All Natural Chicken Shawarma Pita","Stuff A Pita","Our grilled chicken shawarma is all natural without any added hormones.\
It’s marinated for 24 hours so it’s succulent and flavorful.\
","3","0","0","7.9499998093","","0","","1","","0","0","1","2","0","1","869,870,871,","4649,4650,4651,4652,4653,4654,4655,4656,4657,4658,4659,4660,4661,4662,4663,4664","0","0",\N
"5006096","4000202","1","","Falafel Pita","Stuff a Pita","Our Falafel’s main ingredient is the chickpea, also known as a garbanzo bean. It's nutritious and rich in protein and vitamins. The chickpeas are ground and then mixed with a blend of our exotic spices and herbs. The crust is crunchy and the inside is moist and burst with flavor. ","","0","0","7.9499998093","","0","","1","","0","0","1","2","0","1","870,871,","4666,4667,4668,4669,4670,4671,4672,4673,4674,4675,4676,4677,4678,4679,4663,4664","0","0",\N
"5006097","4000202","8","","Half-n-Half Pita (Falafel & Shawarma)","Stuff a Pita","Can't decide what you want to enjoy? Then this is the perfect option giving you a taste of both of our delicious offerings.\
Half all Natural Chicken Shawarma & Half Falafel.","3","0","0","7.9499998093","","0","","1","","0","0","1","2","0","1","869,871,","4649,4650,4651,4652,4653,4654,4655,4656,4657,4658,4659,4660,4661,4662,4665,4664","0","0",\N
"5006098","4000194","","","Water Bottle (16.9 Ounces)","Beverages","Water Bottle (16.9oz)","","1","0","1","","0","","1","","0","0","1","","0","0",",","","0","0",\N
"5006109","4000195","9","","The Melt","Don's Signature Sandwich Boxed Lunches","Hot prosciutto, salami, mozzarella & provolone, with spinach & sun-dried tomato spread, panini-grilled","1","13.489999771","0","9.5799999237","","0","","1","","0","0","1","2","0","1","872,873,","4680,4681,4682,4683,4684,4690,4691,4692,4693,4694,4695,4696","0","0",\N
"5006110","4000195","8","","The Pesto Chick","Don's Signature Sandwich Boxed Lunches","Hot chicken, mozzarella & basil pesto, with mayo, Dijon mustard, herbed olive oil, shredded lettuce, tomatoes & red onions.","1","13.489999771","0","9.5799999237","","0","","1","","0","0","1","2","0","1","872,873,","4680,4681,4682,4683,4684,4690,4691,4692,4693,4694,4695,4696","0","0",\N
"5006111","4000195","9","","The Luau","Don's Signature Sandwich Boxed Lunches","Hot ham, bacon, pineapple, and provolone, with BBQ teriyaki, mayo, tomatoes, and red onions.","1","13.489999771","0","9.5799999237","","0","","1","","0","0","1","2","0","1","872,873,","4680,4681,4682,4683,4684,4690,4691,4692,4693,4694,4695,4696","0","0",\N
"5006112","4000195","4,8","","Chicken Chipotle","Don's Signature Sandwich Boxed Lunches","Hot chicken, pepper jack, and avocado, with Chipotle mayo, spicy ranch, shredded lettuce, tomatoes, yellow peppers, and red onions.","1","13.489999771","0","9.5799999237","","0","","1","","0","0","1","2","0","1","872,873,","4680,4681,4682,4683,4684,4690,4691,4692,4693,4694,4695,4696","0","0",\N
"5006113","4000195","9","","The Nola","Don's Signature Sandwich Boxed Lunches","Salami, prosciutto, ham, mozzarella, and provolone, with olive tapenade and Italian dressing.","1","13.489999771","0","9.5799999237","","0","","1","","0","0","1","2","0","1","872,873,","4680,4681,4682,4683,4684,4690,4691,4692,4693,4694,4695,4696","0","0",\N
"5006114","4000195","4,8","","Spicy Chicken","Don's Signature Sandwich Boxed Lunches","Hot chicken with fire pepper sauce and pepper jack, spicy ranch, shredded lettuce, tomatoes, red onions, and jalapenos.","1","13.489999771","0","9.5799999237","","0","","1","","0","0","1","2","0","1","872,873,","4680,4681,4682,4683,4684,4690,4691,4692,4693,4694,4695,4696","0","0",\N
"5006115","4000195","10","","Beach Boy","Don's Signature Sandwich Boxed Lunches","Hot turkey, prosciutto, Swiss, and avocado, with spicy ranch, mayo, shredded lettuce, tomatoes, and red onions.","1","13.489999771","0","9.5799999237","","0","","1","","0","0","1","2","0","1","872,873,","4680,4681,4682,4683,4684,4690,4691,4692,4693,4694,4695,4696","0","0",\N
"5006116","4000195","11","","The Slammer","Don's Signature Sandwich Boxed Lunches","Hot pastrami, roast beef, salami, and cheddar, with BBQ mustard, mayo, herbed olive oil, shredded lettuce, tomatoes, red onions, and pickles.","1","13.489999771","0","9.5799999237","","0","","1","","0","0","1","2","0","1","872,873,","4680,4681,4682,4683,4684,4690,4691,4692,4693,4694,4695,4696","0","0",\N
"5006117","4000195","10","","Dirty Bird","Don's Signature Sandwich Boxed Lunches","Hot turkey, cream cheese, avocado, and spicy ranch, with mayo, herbed olive oil, shredded lettuce, tomatoes, and red onions.","1","13.489999771","0","9.5799999237","","0","","1","","0","0","1","2","0","1","872,873,","4680,4681,4682,4683,4684,4690,4691,4692,4693,4694,4695,4696","0","0",\N
"5006118","4000195","9","","Pulled Pork","Don's Classic Sandwich Boxed Lunches","Hot pulled pork with BBQ Blanco sauce, coleslaw, and pickles.","","13.489999771","0","9.5799999237","","0","","1","","0","0","1","2","0","1","872,873,","4680,4681,4682,4683,4684,4690,4691,4692,4693,4694,4695,4696","0","0",\N
"5006119","4000195","9,10","","The California","Don's Classic Sandwich Boxed Lunches","Hot turkey, bacon, cheddar, and avocado, with mayo, yellow mustard, herbed olive oil, shredded lettuce, tomatoes, red onions, and pickles.","1","13.489999771","0","9.5799999237","","0","","1","","0","0","1","2","0","1","872,873,","4680,4681,4682,4683,4684,4690,4691,4692,4693,4694,4695,4696","0","0",\N
"5006120","4000195","9","","Cubano","Don's Classic Sandwich Boxed Lunches","Hot ham, roasted pork, and Swiss with mayo, yellow mustard, and pickles, panini-grilled.","1","13.489999771","0","9.5799999237","","0","","1","","0","0","1","2","0","1","872,873,","4680,4681,4682,4683,4684,4690,4691,4692,4693,4694,4695,4696","0","0",\N
"5006121","4000195","9,10,11","","The Classic","Don's Classic Sandwich Boxed Lunches","Ham, turkey, roast beef, and cheddar, with mayo, yellow mustard, herbed olive oil, romaine lettuce, tomatoes, red onions, and pickles.","1","13.489999771","0","9.5799999237","","0","","1","","0","0","1","2","0","1","872,873,","4680,4681,4682,4683,4684,4690,4691,4692,4693,4694,4695,4696","0","0",\N
"5006122","4000195","10","","Giving Thanks","Don's Classic Sandwich Boxed Lunches","Turkey, cream cheese, and cranberry sauce, with mayo, Dijon mustard, romaine lettuce, tomatoes, and red onions.","1","13.489999771","0","9.5799999237","","0","","1","","0","0","1","2","0","1","872,873,","4680,4681,4682,4683,4684,4690,4691,4692,4693,4694,4695,4696","0","0",\N
"5006123","4000195","","","Egg Salad","Don's Classic Sandwich Boxed Lunches","Hard-boiled egg mixed with mayo and honey mustard with Romaine lettuce, tomatoes, and red onions.","2","13.489999771","0","9.5799999237","","0","","1","","0","0","1","2","0","1","872,873,","4680,4681,4682,4683,4684,4690,4691,4692,4693,4694,4695,4696","0","0",\N
"5006124","4000195","12","","Tuna & Avo","Don's Classic Sandwich Boxed Lunches","Tuna and avocado with mayo, yellow mustard, herbed olive oil, Romaine lettuce, tomatoes, red onions, and pickles.","","13.489999771","0","9.5799999237","","0","","1","","0","0","1","2","0","1","872,873,","4680,4681,4682,4683,4684,4690,4691,4692,4693,4694,4695,4696","0","0",\N
"5006125","4000195","1","","Tree Hugger","Don's Veggie Sandwich Boxed Lunches","Pepper jack and avocado, with mayo, Dijon mustard, and herbed olive oil, sprouts, cucumber, shredded carrots, Romaine lettuce, tomatoes, and red onions.","1","13.489999771","0","9.5799999237","","0","","1","","0","0","1","2","0","1","872,873,","4680,4681,4682,4683,4684,4690,4691,4692,4693,4694,4695,4696","0","0",\N
"5006126","4000195","1,2","","The Medi","Don's Veggie Sandwich Boxed Lunches","Falafel and hummus with olive tapenade, Romaine lettuce, tomatoes, and red onions.","","13.489999771","0","9.5799999237","","0","","1","","0","0","1","2","0","1","872,873,","4680,4681,4682,4683,4684,4690,4691,4692,4693,4694,4695,4696","0","0",\N
"5006127","4000195","1,2","","Hummm Baby","Don's Veggie Sandwich Boxed Lunches","Hot Portobello mushroom and hummus, with Dijon mustard, herbed olive oil, spinach, tomatoes, and red onions.","","13.489999771","0","9.5799999237","","0","","1","","0","0","1","2","0","1","872,873,","4680,4681,4682,4683,4684,4690,4691,4692,4693,4694,4695,4696","0","0",\N
"5006128","4000195","1,2","","Vegan Chick","Don's Veggie Sandwich Boxed Lunches","Hot vegan chicken and portobello mushroom, with BBQ mustard, shredded lettuce, tomatoes, and red onions.","","13.489999771","0","9.5799999237","","0","","1","","0","0","1","2","0","1","872,873,","4680,4681,4682,4683,4684,4690,4691,4692,4693,4694,4695,4696","0","0",\N
"5006129","4000195","1","","Don's Delhi","Don's Veggie Sandwich Boxed Lunches","Falafel, sun-dried tomato spread, and curry mayo with spinach, cucumbers, tomatoes, and red onions.","1","13.489999771","0","9.5799999237","","0","","1","","0","0","1","2","0","1","872,873,","4680,4681,4682,4683,4684,4690,4691,4692,4693,4694,4695,4696","0","0",\N
"5006130","4000203","9,13","","#60 BBQ Pork and Shrimp","Vermicelli","BBQ Pork and Shrimp Dry rice noodle mixed with sliced lettuce, bean sprouts, mint leaves, pickled carrots, and topped with crushed peanuts. Served with house special fish sauce.","5,6,7","16.450000763","0","12.449999809","","0","","1","","0","0","1","1","0","0",",","","0","0",\N
"5006131","4000203","8","","BBQ Chicken","Vermicelli","BBQ Chicken with Dry rice noodle mixed with sliced lettuce, bean sprouts, mint leaves, pickled carrots, and topped with crushed peanuts. Served with house special fish sauce.","5,6,7","15.949999809","0","11.949999809","","0","","1","","0","0","1","1","0","0",",","","0","0",\N
"5006132","4000203","11","","BBQ Beef Onion Rolls","Vermicelli","BBQ beef onion rolls with Dry rice noodle mixed with sliced lettuce, bean sprouts, mint leaves, pickled carrots, and topped with crushed peanuts. Served with house special fish sauce.","5,6,7","15.949999809","0","11.949999809","","0","","1","","0","0","1","1","0","0",",","","0","0",\N
"5006133","4000203","10","","Egg Rolls","Vermicelli","Egg Rolls with Dry rice noodle mixed with sliced lettuce, bean sprouts, mint leaves, pickled carrots, and topped with crushed peanuts. Served with house special fish sauce.","5,6,7","15.449999809","0","11.449999809","","0","","1","","0","0","1","1","0","0",",","","0","0",\N
"5006134","4000203","1","","Vegetarian Egg Rolls","Vermicelli","Vegetarian Egg rolls with Dry rice noodle mixed with sliced lettuce, bean sprouts, mint leaves, pickled carrots, and topped with crushed peanuts. Served with house special fish sauce.","5,6,7","15.949999809","0","11.949999809","","0","","1","","0","0","1","1","0","0",",","","0","0",\N
"5006135","4000203","9","","BBQ Pork and Shrimp","Rice","BBQ pork and Shrimp with Steamed rice with slices of cucumber, sliced lettuce, and pickled carrots.","5","16.450000763","0","12.449999809","","0","","1","","0","0","1","1","0","0",",","","0","0",\N
"5006138","4000203","9","","BBQ Pork Chop","Rice","BBQ Pork Chop with Steamed rice with slices of cucumber, sliced lettuce, and pickled carrots.","","15.949999809","0","11.949999809","","0","","1","","0","0","1","1","0","0",",","","0","0",\N
"5006139","4000204","8","","Chicken Fried Rice","Noodle And Rice","Tender chicken breast stir fried in wok with white rice.","6","13.949999809","0","9.9499998093","","0","","1","","0","0","1","2","0","0",",","","0","0",\N
"5006140","4000204","9","","BBQ Pork Fried Rice","Noodle And Rice","Sweet BBQ Pork stir fried in wok with white rice.","6","13.949999809","0","9.9499998093","","0","","1","","0","0","1","2","0","0",",","","0","0",\N
"5006141","4000204","13","","Shrimp Fried Rice","Noodle And Rice","Sauteed Shrimp stir fried in wok with white rice.","5,6","14.949999809","0","10.949999809","","0","","1","","0","0","1","2","0","0",",","","0","0",\N
"5006142","4000204","8,9,13","","Combination fried rice","Noodle And Rice","Combination of Tender chicken breast, sweet pork and shrimp stir fried in wok with white rice.","5,6","14.949999809","0","10.949999809","","0","","1","","0","0","1","2","0","0",",","","0","0",\N
"5006143","4000204","13","","Shrimp Chowmein","Noodle And Rice","Sauteed Shrimp in house sauce and chowmein noodle.","5,6","14.949999809","0","10.949999809","","0","","1","","0","0","1","2","0","0",",","","0","0",\N
"5006144","4000204","11","","Beef Chowfun ","Noodle And Rice","Tender beef sauteed with flat Chowfun Noodle.","6","13.949999809","0","9.9499998093","","0","","1","","0","0","1","2","0","0",",","","0","0",\N
"5006145","4000204","8","","Orange Chicken","Chicken ","Chicken cooked in sweet and tangy orange sauce served with rice.","6","13.949999809","0","9.9499998093","","0","","1","","0","0","1","2","0","0",",","","0","0",\N
"5006146","4000204","8","","Sweet and Sour Chicken","Chicken ","Chicken cooked in our house special sweet and sour sauce served with rice.","6","13.949999809","0","9.9499998093","","0","","1","","0","0","1","2","0","0",",","","0","0",\N
"5006147","4000204","8","","Broccoli Chicken","Chicken ","Chicken and Broccoli cooked in our house special sauce served with rice.","6","13.949999809","0","9.9499998093","","0","","1","","0","0","1","","0","0",",","","0","0",\N
"5006148","4000204","4,8","","Hot and Spicy Chicken","Chicken ","Chicken and Broccoli cooked in our house special hot and spicy sauce served with rice.","6","13.949999809","0","9.9499998093","","0","","1","","0","0","1","2","0","0",",","","0","0",\N
"5006149","4000204","8","","Lemon Chicken","Chicken ","Chicken and Broccoli cooked in our house special tangy lemon sauce served with rice.","6","13.949999809","0","9.9499998093","","0","","1","","0","0","1","","0","0",",","","0","0",\N
"5006150","4000204","11","","Beef with mixed vegetables","Beef","Tender beef and vegetables cooked in our house special sauce served with rice.","6","13.949999809","0","9.9499998093","","0","","1","","0","0","1","","0","0",",","","0","0",\N
"5006151","4000204","11","","Beef with Black Bean Sauce","Beef","Tender beef  cooked in our house special black bean sauce served with rice.","6","13.949999809","0","9.9499998093","","0","","1","","0","0","1","2","0","0",",","","0","0",\N
"5006152","4000204","11","","Beef with satay sauce","Beef","Tender beef cooked in our house special satay sauce served with rice.","6","13.949999809","0","9.9499998093","","0","","1","","0","0","1","2","0","0",",","","0","0",\N
"5006153","4000204","11","","Beef with Broccoli","Beef","Tender beef and broccoli cooked in our house special sauce served with rice.","6","13.949999809","0","9.9499998093","","0","","1","","0","0","1","2","0","0",",","","0","0",\N
"5006154","4000204","11","","Tofu Beef","Beef","Tender beef and fried tofu cooked in our house special sauce served with rice.","6","13.949999809","0","9.9499998093","","0","","1","","0","0","1","2","0","0",",","","0","0",\N
"5006155","4000204","13","","Sweet and Sour Prawn","Beef","Sauteed jumbo prawns cooked in our house special sweet and sour sauce served with rice.","5,6","14.949999809","0","10.949999809","","0","","1","","0","0","1","2","0","0",",","","0","0",\N
"5006156","4000204","4,13","","Kung pao Prawn","Beef","Sauteed jumbo prawns cooked in our kung pao sauce with peppers and nuts served with rice.","5,7","14.949999809","0","10.949999809","","0","","1","","0","0","1","2","0","0",",","","0","0",\N
"5006157","4000204","13","","Prawn with Broccoli","Beef","Sauteed jumbo prawns with brocolli cooked in our house special sauce served with rice.","5,6","14.949999809","0","10.949999809","","0","","1","","0","0","1","2","0","0",",","","0","0",\N
"5006158","4000204","13","","Prawn with black bean sauce","Beef","Sauteed jumbo prawns cooked in our house special black bean sauce served with rice.","5,6","14.949999809","0","10.949999809","","0","","1","","0","0","1","2","0","0",",","","0","0",\N
"5006159","4000204","4,13","","Hot Spicy Prawn","Seafood","Sauteed jumbo prawns cooked in our house special hot and spicy sauce served with rice.","5,6","14.949999809","0","10.949999809","","0","","1","","0","0","1","2","0","0",",","","0","0",\N
"5006160","4000204","13","","Prawn with Tofu","Seafood","Sauteed jumbo prawns and tofu cooked in our house special sauce served with rice.","5,6","14.949999809","0","10.949999809","","0","","1","","0","0","1","2","0","0",",","","0","0",\N
"5006161","4000205","6,8","","Four-Foot Chicken Burrito (Serves 8)","Burritos","With rice, beans, guacamole, and Jack cheese. Served with sour cream, salsa fresca, and your choice of sauce. Add a side and/or salad, drinks, and perhaps dessert, and you're all set. ","1","0","0","55.490001678","","0","","1","","0","0","1","1","0","1","874,","4697,4698,4699","0","0",\N
"5006162","4000205","1","","Four-Foot Veggie Burrito (Serves 8)","Burritos","With rice, beans, guacamole, and Jack cheese. Served with sour cream, salsa fresca, and your choice of sauce. Add a side and/or salad, drinks, and perhaps dessert, and you're all set. ","1","0","0","55.490001678","","0","","1","","0","0","1","1","0","1","874,","4697,4698,4699","0","0",\N
"5006163","4000205","11","","Four-Foot Steak Burrito (Serves 8)","Burritos","With rice, beans, guacamole, and Jack cheese. Served with sour cream, salsa fresca, and your choice of sauce. Add a side and/or salad, drinks, and perhaps dessert, and you're all set. ","1,3","0","0","59.490001678","","0","","1","","0","0","1","1","0","1","874,","4697,4698,4699","0","0",\N
"5006164","4000205","9","","Four-Foot Carnitas Burrito (Serves 8)","Burritos","With braised pork, rice, beans, guacamole, and Jack cheese. Served with sour cream, salsa fresca, and your choice of sauce. Add a side and/or salad, drinks, and perhaps dessert, and you're all set","1,3","0","0","55.490001678","","0","","1","","0","0","1","1","0","1","874,","4697,4698,4699","0","0",\N
"5006165","4000205","","","Una Mas Taco Party (Serves 6)","Hot Entrees"," Corn tortillas filled with your choice of meat, cheese, salsa fresca, pinto beans, and mild sauce. Served with your choice of side and chips & salsa. Add drinks and perhaps dessert, and you're all set. Please order for a minimum of 10 people. ","1","0","0","39.290000916","","0","","1","","0","0","1","1","0","1","875,876,","4700,4701,4702,4703,4704,4705,4706","0","0",\N
"5006166","4000205","","","Quesadilla (Serves 6)","Hot Entrees"," With your choice of meat, salsa fresca, and Monterey Jack. Served with your choice of side and chips & salsa. Add drinks and perhaps dessert, and you're all set. Please order for a minimum of 10 people. ","1,3","0","0","27.5","","0","","1","","0","0","1","1","0","1","875,876,","4700,4701,4702,4703,4704,4705,4706","0","0",\N
"5006167","4000205","","","Enchiladas (Serves 6)","Hot Entrees","With your choice of filling, topped with special sauce and sour cream. Served with your choice of side and chips & salsa. Add drinks and perhaps dessert, and you're all set. Please order for a minimum of 10 people","1,3","0","0","41.38999939","","0","","1","","0","0","1","1","0","1","876,877,","4703,4704,4705,4706,4707,4708,4709","0","0",\N
"5006168","4000205","8","","Chicken Taquito Pack (Serves 6)","Hot Entrees","Rolled and fried corn tortillas, filled with seasoned chicken, sour cream, salsa fresca, and guacamole. Served with your choice of side and chips & salsa. Add drinks and perhaps dessert, and you're all set. ","1","0","0","38.290000916","","0","","1","","0","0","1","1","0","1","876,","4703,4704,4705,4710","0","0",\N
"5006169","4000205","1","","Caesar Roll (Serves 6)","Hot Entrees","Serves 6. Grilled veggies, guacamole, sour cream, romaine, salsa fresca, and Caesar dressing in chile-tomato tortillas. Served with your choice of side and chips & salsa. Add drinks and perhaps dessert, and you're all set. Please order for a minimum of 10 people","1","0","0","35.290000916","","0","","1","","0","0","1","1","0","1","876,","4703,4704,4705,4706,4710","0","0",\N
"5006170","4000205","8","","Baja Rolls (Serves 6)","Hot Entrees"," Chicken, guacamole, sour cream, salsa fresca, romaine, and special sauce in chile-tomato tortillas. Served with your choice of side and chips & salsa. Add drinks and perhaps dessert, and you're all set. Please order for a minimum of 10 people","1","0","0","38.290000916","","0","","1","","0","0","1","1","0","1","876,","4703,4704,4705,4710","0","0",\N
"5006171","4000205","8","","Hawaiian Twist (Serves 6)","Hot Entrees"," Chicken, Monterey Jack cheese, roasted pineapple salsa, sesame seeds, sour cream, and sweet Thai chili sauce in chile-tomato tortillas. Served with your choice of side and chips & salsa. Add drinks and perhaps dessert, and you're all set. Please order for a minimum of 10 people.","1,6","0","0","38.290000916","","0","","1","","0","0","1","1","0","1","876,","4703,4704,4705,4710","0","0",\N
"5006172","4000205","10","","Margarita Salad (Serves 8)","Salads","Romaine, jicama, red & green cabbage, carrots, radishes, pinto beans, salsa fresca, Mexican cheese, and tangy vinaigrette. As an entree salad, add drinks and perhaps dessert, and you're all set. As a side salad, you can usually order for half your headcount.","1","0","0","42.490001678","","0","","1","","0","0","1","1","0","1","878,","4711,4712","0","0",\N
"5006173","4000205","","","TJ Caesar Salad (Serves 8)","Salads","With tortilla strips and salsa fresca. As an entree salad, add drinks and perhaps dessert, and you're all set. As a side salad, you can usually order for half your headcount.","1,3","0","0","0","","0","","1","","0","0","1","1","0","1","878,","4711,4712","0","0",\N
"5006174","4000205","6","","Churros","Deserts","Sweet desert","","0","0","2","","0","","1","","0","0","1","3","0","0",",","","0","0",\N
"5006175","4000205","6","","Brownie","Deserts","Sweet desert.","","0","0","3","","0","","1","","0","0","1","3","0","0",",","","0","0",\N
"5006176","4000207","1","","Gobi Manchurian (Serves 10)","APPETIZERS","Spiced cauliflower fritters. Gluten Free upon Request.","3","0","0","45","","0","","1","","0","0","1","1","0","0",",","","0","0",\N
"5006177","4000207","8","","Tandoori Chicken (Serves 10)","APPETIZERS","Bone-in chicken baked in a clay oven, marinated with yogurt and spices.","","0","0","45","","0","","1","","0","0","1","1","0","0",",","","0","0",\N
"5006178","4000207","1","","Vegetable Pakoras (Serves 10)","APPETIZERS","Vegetable fritters.","","0","0","45","","0","","1","","0","0","1","1","0","0",",","","0","0",\N
"5006179","4000207","1","","Aloo Tikki (Serves 10)","APPETIZERS","Potato patties with cumin and spices.","3","0","0","45","","0","","1","","0","0","1","1","0","0",",","","0","0",\N
"5006180","4000207","12","","Fish Pakoras (Serves 10)","APPETIZERS","Fish fritters. ","","0","0","50","","0","","1","","0","0","1","1","0","0",",","","0","0",\N
"5006181","4000207","6,8","","Butter Chicken (Serves 10)","CHICKEN ENTREES","Chicken with butter, spices, and tomato-cream sauce. Does not include rice. Add rice and/or bread, drinks, and perhaps dessert, and you're all set.","1","0","0","50","","0","","1","","0","0","1","1","0","0",",","","0","0",\N
"5006182","4000207","8","","Chicken Tikka Masala (Serves 10)","CHICKEN ENTREES","Chicken with tomato-cream sauce. Does not include rice. Add rice and/or bread, drinks, and perhaps dessert, and you're all set.","1","0","0","50","","0","","1","","0","0","1","1","0","0",",","","0","0",\N
"5006183","4000207","8","","Chicken Curry (Serves 10)","CHICKEN ENTREES","Boneless chicken in an onion based curry with Indian spices. Does not include rice. Add rice and/or bread, drinks, and perhaps dessert, and you're all set","1","0","0","50","","0","","1","","0","0","1","1","0","0",",","","0","0",\N
"5006184","4000207","8","","Chicken Saag (Serves 10)","CHICKEN ENTREES","Chicken with spinach, cream, and spices. Does not include rice. Add rice and/or bread, drinks, and perhaps dessert, and you're all set.","1","0","0","50","","0","","1","","0","0","1","1","0","0",",","","0","0",\N
"5006185","4000207","4,8","","Chicken Kadai (serves 10)","CHICKEN ENTREES","Chicken cooked in an Indian wok with tomatoes and green chilies. Does not include rice. Add rice and/or bread, drinks, and perhaps dessert, and you're all set.","","0","0","0","","0","","1","","0","0","1","1","0","0",",","","0","0",\N
"5006186","4000207","10","","Goat Curry (Serves 10)","GOAT ENTREES","Does not include rice. Add rice and/or bread, drinks, and perhaps dessert, and you're all set.","","0","0","50","","0","","1","","0","0","1","1","0","0",",","","0","0",\N
"5006187","4000207","1,6","","Vegetable Korma (Serves 10)","VEGETARIAN ENTREES","Vegetable cooked in creamy gravy with spices. Does not include rice. Add rice and/or bread, drinks, and perhaps dessert, and you're all set.","1","0","0","45","","0","","1","","0","0","1","1","0","0",",","","0","0",\N
"5006188","4000207","1,6","","Aloo Gobi (Serves 10)","VEGETARIAN ENTREES","Potatoes and cauliflower with spices. Does not include rice. Add rice and/or bread, drinks, and perhaps dessert, and you're all set","","0","0","45","","0","","1","","0","0","1","1","0","0",",","","0","0",\N
"5006189","4000207","1","","Paneer Tikka Masala (Serves 10)","VEGETARIAN ENTREES","Soft Indian cheese in tomato-cream sauce. Does not include rice. Add rice and/or bread, drinks, and perhaps dessert, and you're all set.","1","0","0","45","","0","","1","","0","0","1","1","0","0",",","","0","0",\N
"5006190","4000207","1","","Tawa Mixed Vegetables (Serves 10)","VEGETARIAN ENTREES","Stir-fried mixed vegetables. Does not include rice. Add rice and/or bread, drinks, and perhaps dessert, and you're all set.","","0","0","45","","0","","1","","0","0","1","1","0","0",",","","0","0",\N
"5006191","4000207","2","","Daal Yellow Tadka (serves 10)","VEGETARIAN ENTREES","Split yellow lentils with onions and spices. Does not include rice. Add rice and/or bread, drinks, and perhaps dessert, and you're all set","","0","0","45","","0","","1","","0","0","1","1","0","0",",","","0","0",\N
"5006192","4000207","1","","Malai Kofta (Serves 10)","VEGETARIAN ENTREES","Vegetable & cheese dumplings in cream sauce. Does not include rice. Add rice and/or bread, drinks, and perhaps dessert, and you're all set.","","0","0","45","","0","","1","","0","0","1","1","0","0",",","","0","0",\N
"5006193","4000207","1,2,4","","Channa Masala (Serves 10)","VEGETARIAN ENTREES","Chickpeas with onions, ginger, and garlic. Does not include rice. Add rice and/or bread, drinks, and perhaps dessert, and you're all set","","0","0","45","","0","","1","","0","0","1","1","0","0",",","","0","0",\N
"5006194","4000207","1","","Saag Paneer (serves 10)","VEGETARIAN ENTREES","Soft Indian cheese with spinach, cream, and spices. Does not include rice. Add rice and/or bread, drinks, and perhaps dessert, and you're all set","1","0","0","45","","0","","1","","0","0","1","1","0","0",",","","0","0",\N
"5006195","4000207","1","","Punjabi Curry Pakora (Serves 10)","VEGETARIAN ENTREES","Yogurt gram flour curry with vegetable fritters and spies. Does not include rice. Add rice and/or bread, drinks, and perhaps dessert, and you're all set.","3","0","0","45","","0","","1","","0","0","1","1","0","0",",","","0","0",\N
"5006196","4000207","1","","Mutter Paneer (Serves 10)","VEGETARIAN ENTREES","Soft Indian cheese with peas in tomato-cream sauce. Does not include rice. Add rice and/or bread, drinks, and perhaps dessert, and you're all set. ","1","0","0","45","","0","","1","","0","0","1","1","0","0",",","","0","0",\N
"5006197","4000207","1,6","","Jeera Rice (Serves 10)","RICE & BIRYANI","Rice with cumin. You can usually order a side of rice for just half your headcount.","","0","0","15","","0","","1","","0","0","1","1","0","0",",","","0","0",\N
"5006198","4000207","1","","Vegetable Biryani (Serves 10)","RICE & BIRYANI","Fried basmati rice with vegetables, nuts, and spices. Add bread, drinks, and perhaps dessert, and you're all set. ","7","0","0","35","","0","","1","","0","0","1","1","0","0",",","","0","0",\N
"5006199","4000207","8","","Chicken Biryani (Serves 10)","RICE & BIRYANI","Fried basmati rice with chicken, vegetables, nuts, and spices. Add bread, drinks, and perhaps dessert, and you're all set","7","0","0","50","","0","","1","","0","0","1","1","0","0",",","","0","0",\N
"5006200","4000207","1","","Fried Egg Rice (Serves 10)","RICE & BIRYANI","You can usually order a side of rice for just half your headcount. ","2","0","0","35","","0","","1","","0","0","1","1","0","0",",","","0","0",\N
"5006201","4000207","1","","Naan","Bread","Leavened flatbread cooked in a clay oven. ","3","0","0","2","","0","","1","","0","0","1","3","0","0",",","","0","0",\N
"5006202","4000207","1","","Garlic Naan","Bread","Leavened flatbread with garlic.","1","0","0","2.5","","0","","1","","0","0","1","3","0","0",",","","0","0",\N
"5006203","4000207","1","","Onion Kulcha","Bread","Leavened flatbread with fried onions.","1","0","0","3","","0","","1","","0","0","1","3","0","0",",","","0","0",\N
"5006204","4000208","1,6,10","","Large Sub Tray (Serves 12)","Sandwiches","Includes your choice of up to 3 sub/wrap types.","1","0","0","65","","0","","1","","0","0","1","1","0","1","879,","4713,4714,4715,4716,4717,4718,4719,4720,4721,4722,4723,4724,4725,4726,4727,4728,4729,4730,4731,4732,4733,4734,4735,4736,4737,4738","0","0",\N
"5006205","4000208","","","Salad Bowl (Serves 4-5)","SALADS & SIDES","Your choice of salad. Served with dressing on the side","","0","0","0","","0","","1","","0","0","1","1","0","1","880,","4739,4740,4741,4742,4743,4744,4745,4746,4747","0","0",\N
"5006206","4000208","1","","Macaroni Salad (feeds 10)","SALADS & SIDES","Homemade macaroni salad","","0","0","30","","0","","1","","0","0","1","1","0","0",",","","0","0",\N
"5006207","4000208","1,6","","Potato Salad (Serves 10)","SALADS & SIDES","Homemade Potato Salad.","","0","0","30","","0","","1","","0","0","1","1","0","0",",","","0","0",\N
"5006208","4000209","6,8","","Chicken Parmigiana Pan(Serves 10)","Hot Entrees","Breaded chicken with marinara and mozzarella. Served with house-baked bread. Does not include pasta.","","0","0","70","","0","","1","","0","0","1","1","0","0",",","","0","0",\N
"5006209","4000209","8","","Chicken Limone Pan (Serves 10)","Hot Entrees","Chicken and capers in a lemon-butter sauce. Served with house-baked bread. Does not include pasta. Add side and/or salad, drinks, and perhaps dessert, and you're all set.","3","0","0","70","","0","","1","","0","0","1","1","0","0",",","","0","0",\N
"5006210","4000209","8","","Chicken Marsala Pan (Serves 10)","Hot Entrees","Chicken and baby portobello mushrooms in a sweet Marsala wine reduction. Served with house-baked bread. Does not include pasta. Add side and/or salad, drinks, and perhaps dessert, and you're all set.","3","0","0","80","","0","","1","","0","0","1","1","0","0",",","","0","0",\N
"5006211","4000209","1,6","","Eggplant Parmigiana Pan (Serves 10)","Hot Entrees","PanBreaded eggplant, mozzarella, basil, and marinara. Served with house-baked bread. Does not include pasta. Add side and/or salad, drinks, and perhaps dessert, and you're all set.","3","0","0","70","","0","","1","","0","0","1","1","0","0",",","","0","0",\N
"5006212","4000209","12,13","","Salmon Sorrento Pan (Serves 10)","Hot Entrees","With lemon-butter sauce, tomatoes, and capers. Served with house-baked bread. Does not include pasta. Add side and/or salad, drinks, and perhaps dessert, and you're all set.","3,5","0","0","90","","0","","1","","0","0","1","1","0","0",",","","0","0",\N
"5006213","4000209","1,6","","Baked Ziti Pan (Serves 10)","Pasta","Ziti with mozzarella, provolone, ricotta, Parmesan, Alfredo & marinara sauces, and Italian breadcrumbs. Served with house-baked bread. Add drinks, and perhaps salad and/or dessert, and you're all set.","","0","0","70","","0","","1","","0","0","1","","0","0",",","","0","0",\N
"5006214","4000209","1,6","","Fettuccine Alfredo Pan (Serves 10)","Pasta","Served with house-baked bread. Add drinks, and perhaps salad and/or dessert, and you're all set.","3","0","0","70","","0","","1","","0","0","1","1","0","0",",","","0","0",\N
"5006215","4000209","6,10","","Lasagna Pan (Serves 10)","Pasta","Layered pasta, meat sauce, ricotta, mozzarella, provolone, and Parmesan cheese. Served with house-baked bread. Add drinks, and perhaps salad and/or dessert, and you're all set. Please order 24 hours in advance.","1,3","0","0","80","","0","","1","","0","0","1","1","0","0",",","","0","0",\N
"5006216","4000209","1","","Ravioli al Pomodoro Pan (Serves 10)","Pasta","Ravioli stuffed with mozzarella, provolone, ricotta, and Parmesan in marinara sauce. Served with house-baked bread. Add drinks, and perhaps salad and/or dessert, and you're all set.","1","0","0","70","","0","","1","","0","0","1","1","0","0",",","","0","0",\N
"5006217","4000209","1","","Penne alla Vodka Pan (Serves 10)","Pasta","Penne, tomatoes, garlic, and crushed red pepper in a vodka rosa sauce. Served with house-baked bread. Add drinks, and perhaps salad and/or dessert, and you're all set.","","0","0","70","","0","","1","","0","0","1","1","0","0",",","","0","0",\N
"5006218","4000209","6,8","","Penne San Remo Pan (Serves 10)","Pasta","Penne, chicken, artichokes, sun-dried tomatoes, and peas in a white wine & cream sauce. Served with house-baked bread. Add drinks, and perhaps salad and/or dessert, and you're all set.","","0","0","80","","0","","1","","0","0","1","1","0","0",",","","0","0",\N
"5006219","4000209","10","","Spaghetti & Meat Sauce Pan (Serves 10)","Pasta","Served with house-baked bread. Add drinks, and perhaps salad and/or dessert, and you're all set.","3","0","0","70","","0","","1","","0","0","1","1","0","0",",","","0","0",\N
"5006220","4000209","1","","Spaghetti Marinara Pan (Serves 10)","Pasta","Served with house-baked bread. Add drinks, and perhaps salad and/or dessert, and you're all set.","3","0","0","70","","0","","1","","0","0","1","1","0","0",",","","0","0",\N
"5006221","4000209","10","","Baked Rigatoni Pan (Serves 10)","Pasta","Rigatoni pasta, meat sauce, spicy Italian sausage, and mozzarella, topped with ricotta and Parmesan. Served with house-baked bread. Add drinks, and perhaps salad and/or dessert, and you're all set.","3","0","0","70","","0","","1","","0","0","1","1","0","0",",","","0","0",\N
"5006222","4000209","1,6","","Mixed Green Salad Pan (Serves 10)","Salads","Lettuce, black & green olives, pepperoncini, red onions, and Italian vinaigrette. You can usually order side salad for just half your headcount.","","0","0","50","","0","","1","","0","0","1","1","0","0",",","","0","0",\N
"5006223","4000209","1","","Apple Gorgonzola Salad Pan (Serves 10)","Salads","Lettuce, Gorgonzola, Granny Smith apples, dried cranberries, spiced walnuts, and Italian vinaigrette. You can usually order side salad for just half your headcount.","","0","0","60","","0","","1","","0","0","1","1","0","0",",","","0","0",\N
"5006224","4000209","12","","Caesar Salad Pan (Serves 10)","Salads","Romaine, Parmesan, garlic croutons, and Caesar dressing. You can usually order side salad for just half your headcount.","3","0","0","50","","0","","1","","0","0","1","1","0","0",",","","0","0",\N
"5006225","4000209","10","","Chopped Antipasti Salad Pan (Serves 10)","Salads","Mixed lettuce with pepperoni, salami, red onions, pepperoncini, cucumbers, Roma tomatoes, black & green olives, provolone, feta, Gorgonzola, and Italian vinaigrette. You can usually order side salad for just half your headcount","","0","0","60","","0","","1","","0","0","1","1","0","0",",","","0","0",\N
"5006226","4000209","1","","Mozzarella Caprese Salad Pan (Serves 10)","Salads","Mozzarella, tomatoes, basil, and basil-infused olive oil. You can usually order side salad for just half your headcount.","1","0","0","50","","0","","1","","0","0","1","1","0","0",",","","0","0",\N
"5006227","4000209","10","","Meatballs Pan (serves 12)","Sides","Beef meatballs in marinara sauce. Figure 2-3 meatballs per person. Does not include pasta.","","0","0","45","","0","","1","","0","0","1","1","0","0",",","","0","0",\N
"5006228","4000209","1","","Italian Broccoli Romano Pan (Serves 10)","Sides","Broccoli florets, garlic, crushed red pepper, and Parmesan. This can be made gluten-free upon request.","1","0","0","32","","0","","1","","0","0","1","1","0","0",",","","0","0",\N
"5006229","4000209","1","","Roasted Garlic Mashed Potatoes (Serves 10)","Sides","","","0","0","32","","0","","1","","0","0","1","1","0","0",",","","0","0",\N
"5006230","4000209","1","","Green Bean Blend Pan (Serves 10)","Sides","This can be made gluten-free upon request.","","0","0","32","","0","","1","","0","0","1","1","0","0",",","","0","0",\N
"5006231","4000209","10","","Sausage & Peppers Pan (Serves 10)","Sides","Your choice of Italian sausage. Does not include pasta.","","0","0","45","","0","","1","","0","0","1","1","0","1","881,","4748,4749","0","0",\N
"5006232","4000209","1","","Baby Portobello Mushroom Risotto (Serves 20)","Sides","","","0","0","50","","0","","1","","0","0","1","1","0","0",",","","0","0",\N
"5006233","4000210","8","","Taquitos Platter (Serves 20)","APPETIZERS","All-natural chicken rolled in corn tortillas (40 pieces per platter). Served with roasted chipotle salsa.","3","0","0","45","","0","","1","","0","0","1","1","0","0",",","","0","0",\N
"5006234","4000210","1,6","","Quesadilla Platter (Serves 20)","APPETIZERS","Your choice of quesadilla type (40 wedges per platter). Served with guacamole and roasted chipotle salsa.","1,3","0","0","45","","0","","1","","0","0","1","1","0","1","882,","4750,4751,4752,4753","0","0",\N
"5006235","4000210","6","","Regular Taco Bar (Serves 10)","APPETIZERS","Everything you need to make your own tacos, including your choice of 2 proteins, flour & corn tortillas, cheese, lettuce, guacamole, signature salsa, and chipotle white sauce. Served with tortilla chips and your choice of 2 sides. Add drinks and perhaps dessert, and you're all set.","","0","0","115","","0","","1","","0","0","1","1","0","1","883,884,","4754,4755,4756,4757,4758,4759,4760,4761,4762,4763,4764,4765,4766","0","0",\N
"5006236","4000210","6","","Regular Burrito Platter (Serves 10)","Catering Packages","Includes your choices of burritos (cut into halves) & 2 sides, tortilla chips, and assorted salsas. Add drinks and perhaps dessert, and you're all set.","","0","0","115","","0","","1","","0","0","1","1","0","1","884,","4767,4768,4769,4770,4771,4762,4763,4764,4765,4766","0","0",\N
"5006237","4000210","6","","Small taco bar (Serves 5)","Catering Packages","Everything you need to make your own tacos, including your choice of protein, flour & corn tortillas, cheese, lettuce, guacamole, signature salsa, and chipotle white sauce. Served with tortilla chips and your choice of 2 sides. Add drinks and perhaps dessert, and you're all set.","","0","0","60","","0","","1","","0","0","1","1","0","1","883,884,","4754,4755,4756,4757,4758,4759,4760,4761,4762,4763,4764,4765,4766","0","0",\N
"5006238","4000210","6,8","","Sampler Platter (Serves 6)","Caterign Packages","Includes your choice of up to 3 burritos (cut into halves), 16 cheese quesadilla wedges, 7 chicken taquitos (crispy rolled tortillas filled w/ chicken), tortilla chips, 2 salsas, guacamole, and sour cream. Add drinks and perhaps dessert, and you're all set.","1","0","0","60","","0","","1","","0","0","1","1","0","1","885,","4772,4773,4774,4775,4776","0","0",\N
"5006239","4000210","1,6","","Balsamic & Roasted Veggie Salad (Serves 10)","Salads","Baby greens with grilled vegetables, fire-roasted corn, and avocado slices. Served with lemon-agave-white balsamic vinaigrette. For an entree salad, add protein, drinks, and perhaps dessert, and you're all set. As a side salad, you can usually order for half your headcount.","","0","0","40","","0","","1","","0","0","1","1","0","1","886,","4777,4778,4779,4780,4781,4782","0","0",\N
"5006240","4000210","1","","Chopped Salad (Serves 10)","Salads","Romaine with cabbage, shredded cheese, crispy tortilla strips, and salsa fresca. Served with chipotle ranch dressing. For an entree salad, add protein, drinks, and perhaps dessert, and you're all set. As a side salad, you can usually order for half your headcount.","1,3","0","0","40","","0","","1","","0","0","1","1","0","1","886,","4777,4778,4779,4780,4781,4782","0","0",\N
"5006241","4000210","1","","Chipotle Orange Salad (Serves 10)","Salads","Baby greens with mandarin oranges, fire-roasted corn, Fresno chiles, avocado slices, tortilla strips, and white sauce. Served with chipotle orange vinaigrette. For an entree salad, add protein, drinks, and perhaps dessert, and you're all set. As a side salad, you can usually order for half your headcount","","0","0","40","","0","","1","","0","0","1","1","0","1","886,","4777,4778,4779,4780,4781,4782","0","0",\N
"5006242","4000210","1","","Mango Avocado Salad (Serves 10)","Salads","Mixed greens with mango salsa, brown rice, quinoa, avoacdo slices, and tortilla strips. Served with lemon-agave white balsamic vinaigrette. For an entree salad, add protein, drinks, and perhaps dessert, and you're all set. As a side salad, you can usually order for half your headcount.","","0","0","40","","0","","1","","0","0","1","1","0","1","886,","4777,4778,4779,4780,4781,4782","0","0",\N
"5006243","4000212","1","","Caesar Salad","Salads (160 oz) - Serves 6-8","Crisp romaine hearts, baked seasoned croutons and shaved Parmesan cheese, recommended with our traditional creamy Caesar dressing.","1","59","0","35","","0","","1","","0","0","1","1","0","1","887,","4783,4784,4785,4786,4787,4788,4789,4790,4791,4792,4793,4794,4795,4796,4797","0","0",\N
"5006244","4000212","8","","Caesar Salad with Chicken","Salads (160 oz) - Serves 6-8","Grilled chicken, crisp romaine hearts, baked seasoned croutons and shaved Parmesan cheese, recommended with our traditional creamy Caesar dressing.","1","69","0","45","","0","","1","","0","0","1","1","0","1","887,","4783,4784,4785,4786,4787,4788,4789,4790,4791,4792,4793,4794,4795,4796,4797","0","0",\N
"5006245","4000212","1,2","","California Salad","Salads (160 oz) - Serves 6-8","Crisp romaine hearts, fresh cut seasonal fruit, rice noodles, sweet raisins, roasted walnuts, and hass avocado, recommended with our own honey mustard dressing.","3","59","0","35","","0","","1","","0","0","1","1","0","1","887,","4783,4784,4785,4786,4787,4788,4789,4790,4791,4792,4793,4794,4795,4796,4797","0","0",\N
"5006246","4000212","8","","California Salad with Chicken","Salads (160 oz) - Serves 6-8","Grilled chicken, crisp romaine hearts, fresh cut seasonal fruit, rice noodles, sweet raisins, roasted walnuts, and hass avocado, recommended with our own honey mustard dressing.","","69","0","45","","0","","1","","0","0","1","2","0","1","887,","4783,4784,4785,4786,4787,4788,4789,4790,4791,4792,4793,4794,4795,4796,4797","0","0",\N
"5006247","4000212","8","","Chinese Chicken Salad","Salads (160 oz) - Serves 6-8","Crisp iceberg, marinated chicken breast, julienne cut carrots, scallions, shaved cabbage, roasted almonds, fresh tangerines, homemade wontons and rice noodles, recommended with our house dressing.","","69","0","45","","0","","1","","0","0","1","1","0","1","887,","4783,4784,4785,4786,4787,4788,4789,4790,4791,4792,4793,4794,4795,4796,4797","0","0",\N
"5006248","4000212","8,9,14","","Cobb Salad","Salads (160 oz) - Serves 6-8","Crisp romaine hearts, grape tomatoes, crumbled blue cheese, hard boiled eggs, apple wood bacon, chicken breast, and hass avocado, recommended with blue cheese dressing.","1,2","69","0","45","","0","","1","","0","0","1","1","0","1","887,","4783,4784,4785,4786,4787,4788,4789,4790,4791,4792,4793,4794,4795,4796,4797","0","0",\N
"5006249","4000212","1,2","","Garden Salad","Salads (160 oz) - Serves 6-8","Crisp romaine hearts, grape tomatoes, Persian cucumbers, julienne cut carrots, shaved cauliflower, chopped celery, and mushroom, recommended with low calorie Italian dressing.","","59","0","35","","0","","1","","0","0","1","1","0","1","887,","4783,4784,4785,4786,4787,4788,4789,4790,4791,4792,4793,4794,4795,4796,4797","0","0",\N
"5006250","4000212","1","","Greek Salad","Salads (160 oz) - Serves 6-8","Crisp romaine hearts, mixed with organic baby spinach, Persian cucumbers, grape tomatoes, kalamata olives, sliced ripe olives and Mediterranean feta cheese, recommended with a light balsamic vinegar reduction.","1","64","0","39","","0","","1","","0","0","1","1","0","1","887,","4783,4784,4785,4786,4787,4788,4789,4790,4791,4792,4793,4794,4795,4796,4797","0","0",\N
"5006251","4000212","8","","Greek Salad with Chicken","Salads (160 oz) - Serves 6-8","Grilled chicken, crisp romaine hearts, mixed with organic baby spinach, Persian cucumbers, grape tomatoes, kalamata olives, sliced ripe olives and Mediterranean feta cheese, recommended with a light balsamic vinegar reduction.","1","74","0","49","","0","","1","","0","0","1","1","0","1","887,","4783,4784,4785,4786,4787,4788,4789,4790,4791,4792,4793,4794,4795,4796,4797","0","0",\N
"5006252","4000212","14","","Health Protein Salad","Salads (160 oz) - Serves 6-8","Crisp romaine hearts, julienne cut carrots, sliced mushrooms, hard boiled eggs, sweet raisins, mixed cheese, alfalfa sprouts, oat bran, topped with hass avocado and roasted sunflower seeds, recommended with our own honey mustard dressing.","1,2","64","0","39","","0","","1","","0","0","1","1","0","1","887,","4783,4784,4785,4786,4787,4788,4789,4790,4791,4792,4793,4794,4795,4796,4797","0","0",\N
"5006253","4000212","8,14","","Health Protein Salad with Chicken","Salads (160 oz) - Serves 6-8","Grilled chicken, crisp romaine hearts, julienne cut carrots, sliced mushrooms, hard boiled eggs, sweet raisins, mixed cheese, alfalfa sprouts, oat bran, topped with hass avocado and roasted sunflower seeds, recommended with our own honey mustard dressing","2","74","0","49","","0","","1","","0","0","1","1","0","1","887,","4783,4784,4785,4786,4787,4788,4789,4790,4791,4792,4793,4794,4795,4796,4797","0","0",\N
"5006254","4000212","12","","Salmon Salad","Salads (160 oz) - Serves 6-8","Grilled salmon brushed with lemon herb, served on organic baby field greens, Persian cucumbers, grape tomatoes, fire roasted corn and baked beets served with lemon herb dressing.","","79","0","55","","0","","1","","0","0","1","1","0","1","887,","4783,4784,4785,4786,4787,4788,4789,4790,4791,4792,4793,4794,4795,4796,4797","0","0",\N
"5006255","4000212","12","","Seared Tuna Salad","Salads (160 oz) - Serves 6-8","Organic baby field greens, julienne cut carrots, grape tomatoes, Persian cucumbers, scallions, topped with seared tuna and hass avocado, recommended with our Ponzu dressing.","","79","0","55","","0","","1","","0","0","1","1","0","1","887,","4783,4784,4785,4786,4787,4788,4789,4790,4791,4792,4793,4794,4795,4796,4797","0","0",\N
"5006256","4000212","13","","Shrimp & Avocado Salad","Salads (160 oz) - Serves 6-8","Organic baby field greens, grape tomatoes, fire roasted corn, baked beets, marinated grilled shrimp, and hass avocado, recommended with lemon herb dressing.","5","79","0","55","","0","","1","","0","0","1","1","0","1","887,","4783,4784,4785,4786,4787,4788,4789,4790,4791,4792,4793,4794,4795,4796,4797","0","0",\N
"5006257","4000212","9,14","","Spinach Salad","Salads (160 oz) - Serves 6-8","Organic baby spinach, grape tomatoes, apple wood bacon, hard boiled eggs, sliced mushrooms, sliced ripe olives, topped with sliced hass avocado, recommended with our own honey mustard dressing.","2","64","0","39","","0","","1","","0","0","1","1","0","1","887,","4783,4784,4785,4786,4787,4788,4789,4790,4791,4792,4793,4794,4795,4796,4797","0","0",\N
"5006258","4000212","8,9,14","","Spinach Salad with Chicken","Salads (160 oz) - Serves 6-8","Grilled chicken, organic baby spinach, grape tomatoes, apple wood bacon, hard boiled eggs, sliced mushrooms, sliced ripe olives, topped with sliced hass avocado, recommended with our own honey mustard dressing.","2","74","0","49","","0","","1","","0","0","1","1","0","1","887,","4783,4784,4785,4786,4787,4788,4789,4790,4791,4792,4793,4794,4795,4796,4797","0","0",\N
"5006259","4000212","11","","Steak Salad","Salads (160 oz) - Serves 6-8","Organic baby field greens, Persian cucumbers, grape tomatoes, fire roasted corn, baked beets, sliced mushrooms, hass avocado and grilled marinated steak, recommended with blue cheese dressing.","","79","0","55","","0","","1","","0","0","1","1","0","1","887,","4783,4784,4785,4786,4787,4788,4789,4790,4791,4792,4793,4794,4795,4796,4797","0","0",\N
"5006260","4000212","12","","Tuna Salad","Salads (160 oz) - Serves 6-8","Crisp romaine hearts, julienne cut carrots, sliced mushroom, grape tomatoes, Persian cucumber, chopped celery, shaved cauliflower, and two scoops of tuna salad, recommended with buttermilk ranch.","","69","0","45","","0","","1","","0","0","1","1","0","1","887,","4783,4784,4785,4786,4787,4788,4789,4790,4791,4792,4793,4794,4795,4796,4797","0","0",\N
"5006261","4000159","1","","Two Quesadillas with Side of Rice and Beans","Plates","Two cheese quesadillas in flour tortillas, served with a side of rice and beans.","1","13.289999962","0","9.25","","0","","1","","0","0","1","2","0","0",",","","0","0",\N
"5006262","4000159","1","","Veggie Burrito with Side of Rice and Beans","Plates","Vegetables, rice, beans, cheese, sour cream, and avocado in a flour tortilla, served with rice and beans.","1","13.289999962","0","9.25","","0","","1","","0","0","1","2","0","0",",","","0","0",\N
"5006263","4000211","8","","BBQ Chicken Salad","Freshly Tossed Salads","Chopped iceberg lettuce, Persian cucumbers, grape tomatoes, sliced ripe olives, scallions, fire roasted corn, homemade tortilla chips, BBQ chicken breast, served with tangy BBQ ranch dressing.","","16.950000763","0","12.949999809","","0","","1","","0","0","1","2","0","1","888,","4798","0","0",\N
"5006264","4000211","1","","Caesar Salad","Freshly Tossed Salads","Crisp romaine hearts, baked seasoned croutons and shaved Parmesan cheese served with our traditional creamy Caesar dressing.","1","13.949999809","0","9.9499998093","","0","","1","","0","0","1","2","0","1","889,","4799","0","0",\N
"5006265","4000211","1,2","","California Salad","Freshly Tossed Salads","Crisp romaine hearts, fresh cut seasonal fruit, rice noodles, sweet raisins, roasted walnuts, hass avocado, served with our own honey mustard dressing.","7","14.949999809","0","11.25","","0","","1","","0","0","1","2","0","1","889,","4799","0","0",\N
"5006266","4000211","8","","Chinese Chicken Salad","Freshly Tossed Salads","Crisp iceberg, marinated chicken breast, julienne cut carrots, scallions, shaved cabbage, roasted almonds, fresh tangerines, homemade wontons and rice noodles, served with our house dressing.","7","16.950000763","0","12.949999809","","0","","1","","0","0","1","2","0","0",",","","0","0",\N
"5006267","4000211","8,9","","Cobb Salad","Freshly Tossed Salads","Crisp romaine hearts, grape tomatoes, crumbled blue cheese, hard boiled eggs, apple wood bacon, chicken breast, hass avocado, served with blue cheese dressing.","1","15.949999809","0","12","","0","","1","","0","0","1","2","0","0",",","","0","0",\N
"5006268","4000211","1,2","","Garden Salad","Freshly Tossed Salads","Crisp romaine hearts, grape tomatoes, Persian cucumbers julienne cut carrots, shaved cauliflower, chopped celery, and mushroom, served with low calorie Italian dressing.","","13.949999809","0","9.9499998093","","0","","1","","0","0","1","2","0","1","889,","4799","0","0",\N
"5006269","4000211","1","","Greek Salad","Freshly Tossed Salads","Crisp romaine hearts, mixed with organic baby spinach, Persian cucumbers, grape tomatoes, Kalamata olives, sliced ripe olives and Mediterranean feta cheese, tossed with a light balsamic reduction.","1","14.949999809","0","11.25","","0","","1","","0","0","1","2","0","1","889,","4799","0","0",\N
"5006270","4000211","14","","Health Protein Salad","Freshly Tossed Salads","Crisp romaine hearts, julienne cut carrots, sliced mushrooms, hard boiled eggs, sweet raisins, mixed cheese, alfalfa sprouts, oat bran, topped with hass avocado and roasted sunflower seeds, served with our own honey mustard dressing.","1,7","14.949999809","0","11.449999809","","0","","1","","0","0","1","2","0","1","889,","4799","0","0",\N
"5006271","4000211","12","","Salmon Salad","Freshly Tossed Salads","Grilled salmon brushed with lemon herb, served on organic baby field greens, Persian cucumbers, grape tomatoes, fire roasted corn and baked beets served with lemon herb dressing.","","18.950000763","0","14.949999809","","0","","1","","0","0","1","2","0","0",",","","0","0",\N
"5006272","4000211","12","","Seared Tuna Salad","Freshly Tossed Salads","Organic baby field greens, julienne cut carrots, grape tomatoes, Persian cucumbers, scallions, topped with seared tuna, and hass avocado served with our Ponzu dressing.","6","18.950000763","0","14.949999809","","0","","1","","0","0","1","2","0","0",",","","0","0",\N
"5006273","4000211","13","","Shrimp & Avocado Salad","Freshly Tossed Salads","Organic baby field greens, grape tomatoes, fire roasted corn, baked beets, marinated grilled shrimp, and hass avocado, served with lemon herb dressing.","5","18.950000763","0","14.949999809","","0","","1","","0","0","1","2","0","0",",","","0","0",\N
"5006274","4000211","9,14","","Spinach Salad","Freshly Tossed Salads","Organic baby spinach, grape tomatoes, apple wood bacon, hard boiled eggs, sliced mushrooms, sliced ripe olives, topped with sliced hass avocado and served with our own honey mustard dressing.","2","14.949999809","0","11.25","","0","","1","","0","0","1","2","0","1","889,","4799","0","0",\N
"5006275","4000211","11","","Steak Salad","Freshly Tossed Salads","Organic baby field greens, Persian cucumbers, grape tomatoes, fire roasted corn, baked beets, sliced mushrooms, hass avocado and grilled marinated steak, served with blue cheese dressing.","1","18.950000763","0","14.949999809","","0","","1","","0","0","1","2","0","0",",","","0","0",\N
"5006276","4000211","12","","Tuna Salad","Freshly Tossed Salads","Crisp romaine hearts, julienne cut carrots, sliced mushroom, grape tomatoes, Persian cucumber, chopped celery, shaved cauliflower and two scoops of tuna salad served with buttermilk ranch.","","15.949999809","0","11.949999809","","0","","1","","0","0","1","2","0","0",",","","0","0",\N
"5006277","4000211","","","Croissant with Nutella","Desserts","Nutella with your choice of strawberries, bananas, or both.","1,3,7","6.5","0","5.9499998093","","0","","1","","0","0","1","","0","1","890,","4800,4801","0","0",\N
"5006278","4000211","","","Chocolate Chip Cookies","Desserts","Chocolate chip cookies","1,2,3","2.9500000477","0","1.9500000477","","0","","0","","0","0","1","3","0","0",",","","0","0",\N
"5006279","4000211","","","Oatmeal Raisin Cookies","Desserts","Oatmeal raisin cookies","1,2","2.9500000477","0","1.9500000477","","0","","0","","0","0","1","3","0","0",",","","0","0",\N
"5006280","4000211","","","Peanut Butter Cookies","Desserts","Peanut butter cookies","1,2,3","2.9500000477","0","1.9500000477","","0","","0","","0","0","1","3","0","0",",","","0","0",\N
"5006281","4000211","","","Brownies","Desserts","Chocolate brownies","1,2,3","2.9500000477","0","1.9500000477","","0","","0","","0","0","1","3","0","0",",","","0","0",\N
"5006282","4000187","","","Water Bottle (16.9 Ounces)","Beverages","Water Bottle (16.9oz)","","1","0","1","","0","","1","","0","0","1","","0","0",",","","0","0",\N
"5006283","4000213","","","Heart-Healthy Salads & Dressings","Catering 2-14-2019","ARQUES\
CA w/Chicken: 3 \
Health Protein (Vegetarian): 3\
Chinese Chicken: 2\
California (Vegan/Vegetarian): 2 \
10 waters\
\
 MOB-A1\
CA w/ Chicken: 18\
Health Protein (Vegetarian): 20\
Chinese Chicken: 17\
CA (Vegetarian/Vegan): 15\
70 Waters\
\
Fresh Fruit Platters: 2 large (MOB) + 1 small (ARQ)\
\
Dressings (12oz containers)\
Ranch (Fat-Free, Low-Calorie): 3\
Italian (Low-Calorie): 5\
House (Fat-Free): 5\
Plain Balsamic Vinegar: 1\
Raspberry: 3","","1160","0","1160","","0","","1","","0","0","1","","0","0",",","","0","0",\N
"5006284","4000187","6","","Baklava","Dessert","A sweet, flaky pastry made from filo dough with your choice of pistachios or walnuts. Absolutely delicious!","7","3.5","0","2.9900000095","","0","","1","","0","0","1","3","0","1","892,","4805,4806","0","0",\N
